"","Kredit","Age","Sex","Job","Housing","Saving.accounts","Checking.account","Credit.amount","Duration","Purpose"
"1",1,67,"male",2,"own",NA,"little",1169,6,"radio/TV"
"2",1,22,"female",2,"own","little","moderate",5951,48,"radio/TV"
"3",1,49,"male",1,"own","little",NA,2096,12,"education"
"4",1,45,"male",2,"free","little","little",7882,42,"furniture/equipment"
"5",1,53,"male",2,"free","little","little",4870,24,"car"
"6",1,35,"male",1,"free",NA,NA,9055,36,"education"
"7",1,53,"male",2,"own","quite rich",NA,2835,24,"furniture/equipment"
"8",1,35,"male",3,"rent","little","moderate",6948,36,"car"
"9",1,61,"male",1,"own","rich",NA,3059,12,"radio/TV"
"10",1,28,"male",3,"own","little","moderate",5234,30,"car"
"11",1,25,"female",2,"rent","little","moderate",1295,12,"car"
"12",1,24,"female",2,"rent","little","little",4308,48,"business"
"13",1,22,"female",2,"own","little","moderate",1567,12,"radio/TV"
"14",1,60,"male",1,"own","little","little",1199,24,"car"
"15",1,28,"female",2,"rent","little","little",1403,15,"car"
"16",1,32,"female",1,"own","moderate","little",1282,24,"radio/TV"
"17",1,53,"male",2,"own",NA,NA,2424,24,"radio/TV"
"18",1,25,"male",2,"own",NA,"little",8072,30,"business"
"19",1,44,"female",3,"free","little","moderate",12579,24,"car"
"20",1,31,"male",2,"own","quite rich",NA,3430,24,"radio/TV"
"21",1,48,"male",2,"own","little",NA,2134,9,"car"
"22",1,44,"male",2,"rent","quite rich","little",2647,6,"radio/TV"
"23",0,48,"male",1,"rent","little","little",2241,10,"car"
"24",1,44,"male",2,"own","moderate","moderate",1804,12,"car"
"25",1,26,"male",2,"own",NA,NA,2069,10,"furniture/equipment"
"26",1,36,"male",1,"own","little","little",1374,6,"furniture/equipment"
"27",1,39,"male",1,"own","little",NA,426,6,"radio/TV"
"28",1,42,"female",2,"rent","rich","rich",409,12,"radio/TV"
"29",1,34,"male",2,"own","little","moderate",2415,7,"radio/TV"
"30",1,63,"male",2,"own","little","little",6836,60,"business"
"31",1,36,"male",2,"own","rich","moderate",1913,18,"business"
"32",1,27,"male",2,"own","little","little",4020,24,"furniture/equipment"
"33",1,30,"male",2,"own","moderate","moderate",5866,18,"car"
"34",1,57,"male",1,"rent",NA,NA,1264,12,"business"
"35",1,33,"female",3,"own","little","rich",1474,12,"furniture/equipment"
"36",1,25,"male",1,"own","little","moderate",4746,45,"radio/TV"
"37",1,31,"male",2,"free","little",NA,6110,48,"education"
"38",1,37,"male",2,"own","little","rich",2100,18,"radio/TV"
"39",1,37,"male",2,"own","little","rich",1225,10,"domestic appliances"
"40",1,24,"male",2,"own","little","moderate",458,9,"radio/TV"
"41",1,30,"male",3,"own","quite rich",NA,2333,30,"radio/TV"
"42",1,26,"male",2,"own","quite rich","moderate",1158,12,"radio/TV"
"43",1,44,"male",1,"own","little","moderate",6204,18,"repairs"
"44",1,24,"male",2,"rent","moderate","little",6187,30,"car"
"45",1,58,"female",1,"free","little","little",6143,48,"car"
"46",0,35,"female",3,"own","little",NA,1393,11,"car"
"47",1,39,"male",2,"own","quite rich",NA,2299,36,"radio/TV"
"48",0,23,"female",0,"rent","quite rich","little",1352,6,"car"
"49",1,39,"male",1,"own","little",NA,7228,11,"car"
"50",1,28,"female",2,"own","moderate",NA,2073,12,"radio/TV"
"51",1,29,"male",1,"own",NA,"moderate",2333,24,"furniture/equipment"
"52",1,30,"male",3,"own","little","moderate",5965,27,"car"
"53",1,25,"male",2,"own","little",NA,1262,12,"radio/TV"
"54",1,31,"male",2,"own",NA,NA,3378,18,"car"
"55",1,57,"male",2,"free","little","moderate",2225,36,"car"
"56",1,26,"male",1,"own",NA,NA,783,6,"car"
"57",1,52,"male",3,"own",NA,"moderate",6468,12,"radio/TV"
"58",1,31,"female",2,"own","little",NA,9566,36,"radio/TV"
"59",1,23,"female",3,"own","little","rich",1961,18,"car"
"60",1,23,"female",1,"rent","little","little",6229,36,"furniture/equipment"
"61",1,27,"male",2,"own","little","moderate",1391,9,"business"
"62",1,50,"male",2,"own",NA,"moderate",1537,15,"radio/TV"
"63",1,61,"male",3,"free","little","moderate",1953,36,"business"
"64",1,25,"male",2,"own","little","moderate",14421,48,"business"
"65",1,26,"female",2,"own","little",NA,3181,24,"radio/TV"
"66",1,48,"male",2,"own",NA,NA,5190,27,"repairs"
"67",1,29,"female",2,"own","little",NA,2171,12,"radio/TV"
"68",1,22,"male",2,"own","rich","moderate",1007,12,"car"
"69",1,37,"male",2,"free","little",NA,1819,36,"education"
"70",1,25,"female",2,"own",NA,NA,2394,36,"radio/TV"
"71",1,30,"female",2,"own","little",NA,8133,36,"car"
"72",1,46,"male",1,"rent",NA,NA,730,7,"radio/TV"
"73",1,51,"male",3,"free","little","little",1164,8,"vacation/others"
"74",1,41,"female",1,"own","little","moderate",5954,42,"business"
"75",1,40,"male",3,"own",NA,"little",1977,36,"education"
"76",1,66,"male",3,"free","little","little",1526,12,"car"
"77",1,34,"male",2,"own","little","little",3965,42,"radio/TV"
"78",1,51,"male",2,"own","little","moderate",4771,11,"radio/TV"
"79",1,39,"male",1,"own",NA,NA,9436,54,"car"
"80",1,22,"male",2,"own","little","moderate",3832,30,"furniture/equipment"
"81",1,44,"female",2,"own",NA,NA,5943,24,"radio/TV"
"82",1,47,"male",2,"own","quite rich",NA,1213,15,"radio/TV"
"83",1,24,"female",1,"rent","moderate",NA,1568,18,"business"
"84",1,58,"female",1,"own","little","little",1755,24,"vacation/others"
"85",1,52,"male",1,"own","little","little",2315,10,"radio/TV"
"86",1,29,"female",3,"own","little",NA,1412,12,"business"
"87",1,27,"female",2,"own","little","moderate",1295,18,"furniture/equipment"
"88",1,47,"male",2,"free","moderate","moderate",12612,36,"education"
"89",1,30,"male",3,"own","moderate","little",2249,18,"car"
"90",1,28,"male",2,"own","little","little",1108,12,"repairs"
"91",1,56,"male",2,"own","little",NA,618,12,"radio/TV"
"92",1,54,"male",2,"own","little","little",1409,12,"car"
"93",1,33,"female",1,"own",NA,NA,797,12,"radio/TV"
"94",1,20,"male",2,"rent",NA,"rich",3617,24,"furniture/equipment"
"95",1,54,"male",2,"own","rich","moderate",1318,12,"car"
"96",1,58,"male",2,"rent","little","moderate",15945,54,"business"
"97",1,61,"female",2,"own",NA,NA,2012,12,"education"
"98",0,34,"male",2,"own","moderate","moderate",2622,18,"business"
"99",1,36,"male",2,"own","little","moderate",2337,36,"radio/TV"
"100",1,36,"male",3,"rent",NA,"moderate",7057,20,"car"
"101",1,41,"male",1,"rent","moderate",NA,1469,24,"car"
"102",1,24,"male",2,"rent","little","moderate",2323,36,"radio/TV"
"103",1,24,"female",2,"own","little",NA,932,6,"radio/TV"
"104",1,35,"male",2,"rent","little","moderate",1919,9,"furniture/equipment"
"105",1,26,"male",2,"rent",NA,NA,2445,12,"car"
"106",1,39,"male",3,"own","little","moderate",11938,24,"vacation/others"
"107",1,39,"male",3,"own","little",NA,6458,18,"car"
"108",1,32,"male",2,"own","little","moderate",6078,12,"car"
"109",1,30,"female",2,"own",NA,"little",7721,24,"furniture/equipment"
"110",1,35,"male",2,"own","quite rich","moderate",1410,14,"business"
"111",0,31,"male",2,"own","moderate","moderate",1449,6,"business"
"112",1,23,"female",2,"rent","little","rich",392,15,"education"
"113",1,28,"male",1,"rent","little","moderate",6260,18,"car"
"114",1,25,"female",2,"own","little",NA,7855,36,"car"
"115",1,35,"male",2,"own","quite rich","little",1680,12,"radio/TV"
"116",1,47,"male",2,"own",NA,NA,3578,48,"radio/TV"
"117",1,30,"female",3,"own",NA,"little",7174,42,"radio/TV"
"118",1,27,"female",2,"rent",NA,"little",2132,10,"furniture/equipment"
"119",1,23,"female",2,"own","quite rich","little",4281,33,"furniture/equipment"
"120",1,36,"male",3,"own","quite rich","moderate",2366,12,"car"
"121",1,25,"female",2,"own","little","little",1835,21,"radio/TV"
"122",1,41,"female",3,"rent","little",NA,3868,24,"car"
"123",1,24,"male",1,"rent","little",NA,1768,12,"furniture/equipment"
"124",1,63,"male",2,"free","little","rich",781,10,"car"
"125",1,27,"female",2,"rent",NA,"moderate",1924,18,"furniture/equipment"
"126",1,30,"male",2,"own","little","little",2121,12,"car"
"127",1,40,"male",1,"own","little","little",701,12,"radio/TV"
"128",1,30,"male",2,"own","little","moderate",639,12,"repairs"
"129",1,34,"male",3,"own","little","moderate",1860,12,"car"
"130",1,29,"female",2,"own","little","little",3499,12,"car"
"131",1,24,"female",2,"own",NA,"moderate",8487,48,"car"
"132",1,29,"male",2,"own","little","little",6887,36,"education"
"133",1,27,"male",1,"own","little",NA,2708,15,"furniture/equipment"
"134",1,47,"male",2,"free","little",NA,1984,18,"furniture/equipment"
"135",1,21,"female",2,"own","moderate",NA,10144,60,"radio/TV"
"136",1,38,"female",2,"own",NA,NA,1240,12,"radio/TV"
"137",1,27,"male",2,"own","rich",NA,8613,27,"car"
"138",1,66,"male",1,"own","quite rich","moderate",766,12,"radio/TV"
"139",1,35,"male",2,"own",NA,"moderate",2728,15,"radio/TV"
"140",1,44,"female",1,"rent","little","rich",1881,12,"radio/TV"
"141",1,27,"male",0,"own","rich","rich",709,6,"car"
"142",1,30,"female",3,"own","little","moderate",4795,36,"radio/TV"
"143",1,27,"male",3,"own","little","little",3416,27,"radio/TV"
"144",1,22,"male",2,"own","little","little",2462,18,"furniture/equipment"
"145",1,23,"female",2,"own","little",NA,2288,21,"furniture/equipment"
"146",1,30,"male",2,"own","moderate","moderate",3566,48,"business"
"147",1,39,"female",2,"own","little","little",860,6,"car"
"148",1,51,"female",2,"own","moderate",NA,682,12,"car"
"149",1,28,"male",2,"own","little","little",5371,36,"furniture/equipment"
"150",1,46,"male",2,"own","rich",NA,1582,18,"radio/TV"
"151",1,42,"male",2,"free","moderate",NA,1346,6,"radio/TV"
"152",1,38,"male",2,"own","little",NA,1924,10,"radio/TV"
"153",1,24,"male",2,"own","little","rich",5848,36,"radio/TV"
"154",1,29,"female",2,"rent","rich","moderate",7758,24,"car"
"155",1,36,"male",3,"rent","moderate","moderate",6967,24,"business"
"156",1,20,"female",2,"rent","little","little",1282,12,"furniture/equipment"
"157",1,48,"male",2,"own","moderate","little",1288,9,"repairs"
"158",1,45,"male",1,"own","little","little",339,12,"education"
"159",0,38,"male",2,"own","moderate","moderate",3512,24,"car"
"160",1,34,"male",1,"own",NA,NA,1898,6,"radio/TV"
"161",1,36,"male",2,"own","moderate",NA,2872,24,"radio/TV"
"162",1,30,"female",2,"own","little",NA,1055,18,"car"
"163",1,36,"male",2,"own","quite rich",NA,1262,15,"domestic appliances"
"164",1,70,"male",3,"free","little","moderate",7308,10,"car"
"165",1,36,"male",2,"own","quite rich",NA,909,36,"car"
"166",1,32,"male",2,"own","quite rich",NA,2978,6,"furniture/equipment"
"167",1,33,"female",2,"own","little","little",1131,18,"furniture/equipment"
"168",1,20,"female",2,"own","rich","moderate",1577,11,"furniture/equipment"
"169",1,25,"female",2,"rent","little",NA,3972,24,"furniture/equipment"
"170",1,31,"male",2,"own","little","moderate",1935,24,"business"
"171",1,33,"male",2,"rent","little","little",950,15,"car"
"172",0,26,"female",2,"own","little",NA,763,12,"furniture/equipment"
"173",1,34,"female",3,"own","little","moderate",2064,24,"furniture/equipment"
"174",1,33,"male",2,"own","little","moderate",1414,8,"radio/TV"
"175",1,26,"male",2,"own","little","little",3414,21,"education"
"176",1,53,"female",3,"own",NA,NA,7485,30,"car"
"177",1,42,"male",2,"own","little","little",2577,12,"furniture/equipment"
"178",1,52,"male",2,"own","quite rich","little",338,6,"radio/TV"
"179",1,31,"male",3,"rent","little",NA,1963,12,"radio/TV"
"180",1,65,"male",2,"own","little","little",571,21,"car"
"181",1,28,"male",2,"own","little",NA,9572,36,"business"
"182",1,30,"male",3,"own","little","moderate",4455,36,"business"
"183",1,40,"male",1,"own",NA,"little",1647,21,"car"
"184",1,50,"male",2,"own","rich",NA,3777,24,"furniture/equipment"
"185",1,36,"male",2,"own","little","moderate",884,18,"car"
"186",1,31,"male",2,"own","little",NA,1360,15,"radio/TV"
"187",1,74,"female",3,"free","little","moderate",5129,9,"car"
"188",1,68,"male",0,"free","little","moderate",1175,16,"car"
"189",1,20,"male",2,"own","moderate","little",674,12,"radio/TV"
"190",1,33,"female",2,"own","little","moderate",3244,18,"furniture/equipment"
"191",1,54,"male",3,"own","rich",NA,4591,24,"business"
"192",1,34,"male",1,"free","moderate","moderate",3844,48,"business"
"193",1,36,"male",2,"own","little","moderate",3915,27,"business"
"194",1,29,"male",2,"rent","little",NA,2108,6,"radio/TV"
"195",1,21,"male",2,"rent","moderate","moderate",3031,45,"radio/TV"
"196",1,34,"female",3,"own","little","moderate",1501,9,"education"
"197",1,28,"female",2,"own","little",NA,1382,6,"radio/TV"
"198",1,27,"female",2,"rent","moderate","moderate",951,12,"furniture/equipment"
"199",1,36,"male",2,"free",NA,"moderate",2760,24,"car"
"200",1,40,"male",3,"own","little","moderate",4297,18,"furniture/equipment"
"201",1,52,"male",2,"own","quite rich",NA,936,9,"education"
"202",1,27,"male",1,"own","little","little",1168,12,"car"
"203",1,26,"male",2,"own","little",NA,5117,27,"business"
"204",1,21,"male",2,"rent","little","little",902,12,"education"
"205",1,38,"male",1,"own","little",NA,1495,12,"car"
"206",1,38,"male",3,"free","little","little",10623,30,"car"
"207",1,43,"male",2,"own","little",NA,1935,12,"furniture/equipment"
"208",1,26,"male",2,"own","little","moderate",1424,12,"domestic appliances"
"209",1,21,"male",1,"own","little","little",6568,24,"business"
"210",1,55,"male",2,"own","rich",NA,1413,12,"car"
"211",1,33,"male",2,"own",NA,NA,3074,9,"radio/TV"
"212",1,45,"female",1,"own",NA,NA,3835,36,"radio/TV"
"213",1,50,"male",2,"own","little","little",5293,27,"business"
"214",1,66,"male",3,"own","little","rich",1908,30,"business"
"215",1,51,"male",2,"own",NA,NA,3342,36,"radio/TV"
"216",1,39,"female",1,"own",NA,"moderate",932,6,"education"
"217",1,31,"male",2,"own","little","little",3104,18,"business"
"218",1,23,"male",2,"own","little","rich",3913,36,"radio/TV"
"219",1,24,"male",1,"rent","little","little",3021,24,"furniture/equipment"
"220",1,64,"female",2,"own","little",NA,1364,10,"car"
"221",1,26,"male",1,"own","little","moderate",625,12,"radio/TV"
"222",1,23,"female",2,"rent",NA,"little",1200,12,"education"
"223",1,30,"male",2,"own","little",NA,707,12,"radio/TV"
"224",1,32,"male",2,"own",NA,NA,2978,24,"business"
"225",1,30,"male",2,"own","little",NA,4657,15,"car"
"226",1,27,"male",2,"own","little",NA,2613,36,"repairs"
"227",1,27,"male",2,"own","rich","moderate",10961,48,"radio/TV"
"228",1,53,"male",3,"free","little","little",7865,12,"furniture/equipment"
"229",1,22,"male",2,"own","little",NA,1478,9,"radio/TV"
"230",1,22,"male",2,"free","little","little",3149,24,"furniture/equipment"
"231",1,26,"male",2,"own","little","rich",4210,36,"radio/TV"
"232",1,51,"male",1,"free","quite rich",NA,2507,9,"car"
"233",1,35,"male",2,"own","moderate",NA,2141,12,"radio/TV"
"234",1,25,"male",1,"own","little","moderate",866,18,"radio/TV"
"235",0,42,"male",1,"own","little",NA,1544,4,"radio/TV"
"236",1,30,"male",3,"own","little","little",1823,24,"radio/TV"
"237",1,23,"male",0,"own",NA,"moderate",14555,6,"car"
"238",1,61,"male",1,"rent","moderate","moderate",2767,21,"business"
"239",1,35,"female",2,"own","little",NA,1291,12,"radio/TV"
"240",1,39,"male",2,"own","little","little",2522,30,"radio/TV"
"241",1,29,"female",2,"own",NA,"little",915,24,"car"
"242",1,51,"male",2,"own","little",NA,1595,6,"radio/TV"
"243",1,24,"male",2,"free","little","little",4605,48,"car"
"244",1,27,"female",2,"own","little",NA,1185,12,"business"
"245",1,35,"female",1,"own","quite rich",NA,3447,12,"education"
"246",1,25,"male",2,"own","little",NA,1258,24,"business"
"247",1,52,"male",2,"own","little",NA,717,12,"radio/TV"
"248",1,35,"male",2,"rent","moderate",NA,1204,6,"car"
"249",1,26,"male",2,"own","little","rich",1925,24,"furniture/equipment"
"250",1,22,"female",2,"rent","little",NA,433,18,"radio/TV"
"251",1,39,"female",1,"own","rich","little",666,6,"car"
"252",1,46,"female",1,"own","little","rich",2251,12,"furniture/equipment"
"253",1,24,"female",2,"own","little","moderate",2150,30,"car"
"254",1,35,"male",2,"own","moderate",NA,4151,24,"furniture/equipment"
"255",1,24,"male",2,"own",NA,"moderate",2030,9,"furniture/equipment"
"256",1,27,"male",1,"own",NA,"moderate",7418,60,"radio/TV"
"257",1,35,"male",1,"own","little",NA,2684,24,"radio/TV"
"258",1,29,"male",2,"free","little","little",2149,12,"radio/TV"
"259",1,23,"female",2,"own","moderate",NA,3812,15,"car"
"260",1,57,"female",1,"own","moderate",NA,1154,11,"radio/TV"
"261",1,27,"male",2,"own","little","little",1657,12,"furniture/equipment"
"262",1,55,"female",2,"own","little","little",1603,24,"radio/TV"
"263",1,36,"male",3,"free","little","little",5302,18,"car"
"264",1,57,"female",1,"free","little",NA,2748,12,"education"
"265",1,32,"male",1,"own","little",NA,1231,10,"car"
"266",1,37,"male",2,"own","little","moderate",802,15,"radio/TV"
"267",1,36,"male",2,"own",NA,NA,6304,36,"business"
"268",1,38,"female",2,"own","little",NA,1533,24,"radio/TV"
"269",1,45,"male",3,"own","little","little",8978,14,"car"
"270",1,25,"male",2,"own",NA,NA,999,24,"radio/TV"
"271",1,32,"male",2,"own",NA,NA,2662,18,"car"
"272",1,37,"female",2,"rent","quite rich",NA,1402,12,"furniture/equipment"
"273",1,36,"male",3,"free",NA,"moderate",12169,48,"car"
"274",1,28,"male",2,"own","little","moderate",3060,48,"radio/TV"
"275",1,34,"male",1,"own","little","little",11998,30,"repairs"
"276",1,32,"male",2,"own","little",NA,2697,9,"radio/TV"
"277",1,26,"female",2,"own","little",NA,2404,18,"radio/TV"
"278",1,49,"male",1,"own",NA,"little",1262,12,"furniture/equipment"
"279",1,32,"female",2,"own","little",NA,4611,6,"furniture/equipment"
"280",1,29,"male",3,"rent","moderate",NA,1901,24,"radio/TV"
"281",1,23,"male",2,"rent","rich",NA,3368,15,"car"
"282",1,50,"male",2,"own","little",NA,1574,12,"furniture/equipment"
"283",1,49,"male",1,"own",NA,"rich",1445,18,"radio/TV"
"284",1,63,"male",2,"own",NA,NA,1520,15,"furniture/equipment"
"285",1,37,"male",2,"own","moderate","moderate",3878,24,"car"
"286",1,35,"female",1,"own","little","little",10722,47,"car"
"287",1,26,"male",2,"own","little","little",4788,48,"car"
"288",1,31,"male",3,"free","moderate","moderate",7582,48,"vacation/others"
"289",1,49,"female",2,"own","little","moderate",1092,12,"radio/TV"
"290",1,48,"male",2,"own","little","little",1024,24,"radio/TV"
"291",1,26,"male",2,"own","little",NA,1076,12,"business"
"292",1,28,"male",3,"rent","little","moderate",9398,36,"car"
"293",1,44,"female",3,"free","little","little",6419,24,"car"
"294",1,56,"male",2,"free","little","rich",4796,42,"car"
"295",1,46,"male",3,"own",NA,NA,7629,48,"business"
"296",1,26,"female",2,"own","little","moderate",9960,48,"furniture/equipment"
"297",1,20,"female",2,"rent",NA,NA,4675,12,"car"
"298",1,45,"male",1,"own",NA,NA,1287,10,"car"
"299",1,43,"male",2,"own","little",NA,2515,18,"furniture/equipment"
"300",1,32,"male",2,"own","rich","moderate",2745,21,"furniture/equipment"
"301",1,54,"female",0,"own","little",NA,672,6,"car"
"302",1,42,"female",2,"own","little","moderate",3804,36,"radio/TV"
"303",1,37,"male",1,"own",NA,"rich",1344,24,"car"
"304",1,49,"male",2,"own","little","little",1038,10,"car"
"305",0,44,"male",2,"free","quite rich",NA,10127,48,"car"
"306",1,33,"male",2,"own","rich",NA,1543,6,"furniture/equipment"
"307",1,24,"female",1,"rent",NA,NA,4811,30,"car"
"308",1,33,"male",1,"own","moderate","little",727,12,"radio/TV"
"309",1,24,"female",2,"own","little","moderate",1237,8,"furniture/equipment"
"310",1,22,"male",1,"rent","little","moderate",276,9,"car"
"311",1,40,"male",0,"free",NA,"moderate",5381,48,"vacation/others"
"312",1,25,"male",2,"own","moderate",NA,5511,24,"furniture/equipment"
"313",1,26,"female",2,"own","little","rich",3749,24,"furniture/equipment"
"314",1,25,"male",1,"own","little","moderate",685,12,"car"
"315",1,29,"male",1,"own",NA,"rich",1494,4,"car"
"316",1,31,"male",2,"own","little","little",2746,36,"furniture/equipment"
"317",1,38,"male",1,"own","little","little",708,12,"furniture/equipment"
"318",1,48,"female",1,"own",NA,"moderate",4351,24,"furniture/equipment"
"319",1,32,"male",2,"own","little",NA,701,12,"education"
"320",1,27,"female",1,"own","little","little",3643,15,"furniture/equipment"
"321",1,28,"male",3,"own","little","moderate",4249,30,"car"
"322",1,32,"male",2,"own","little","little",1938,24,"radio/TV"
"323",1,34,"male",3,"free","little","little",2910,24,"car"
"324",1,28,"male",2,"own","rich","little",2659,18,"furniture/equipment"
"325",1,36,"female",2,"own","little",NA,1028,18,"car"
"326",1,39,"male",1,"own","little","little",3398,8,"car"
"327",1,49,"male",2,"rent",NA,NA,5801,12,"furniture/equipment"
"328",1,34,"female",2,"own","rich",NA,1525,24,"car"
"329",1,31,"male",2,"own","little","rich",4473,36,"radio/TV"
"330",1,28,"male",2,"own","little","moderate",1068,6,"radio/TV"
"331",1,75,"male",3,"free","little","little",6615,24,"car"
"332",1,30,"female",2,"own","moderate",NA,1864,18,"education"
"333",1,24,"female",3,"own","moderate","moderate",7408,60,"car"
"334",1,24,"female",1,"rent","moderate",NA,11590,48,"car"
"335",1,23,"male",2,"rent","little","little",4110,24,"furniture/equipment"
"336",1,44,"male",3,"rent","little","little",3384,6,"furniture/equipment"
"337",1,23,"female",1,"own","little","moderate",2101,13,"radio/TV"
"338",1,24,"female",2,"rent",NA,"little",1275,15,"domestic appliances"
"339",1,28,"male",2,"own","little","little",4169,24,"furniture/equipment"
"340",1,31,"male",1,"own","little","moderate",1521,10,"furniture/equipment"
"341",1,24,"female",2,"free","little","moderate",5743,24,"education"
"342",1,26,"female",1,"rent","little","little",3599,21,"furniture/equipment"
"343",1,25,"male",2,"rent","quite rich","moderate",3213,18,"radio/TV"
"344",1,33,"male",3,"own","little","moderate",4439,18,"business"
"345",1,37,"male",1,"own","little","rich",3949,10,"car"
"346",1,43,"female",1,"own","little",NA,1459,15,"radio/TV"
"347",1,23,"male",2,"own","little","moderate",882,13,"radio/TV"
"348",1,23,"female",0,"rent","quite rich","moderate",3758,24,"radio/TV"
"349",1,34,"male",1,"own","moderate",NA,1743,6,"business"
"350",1,32,"male",2,"free","rich","moderate",1136,9,"education"
"351",1,23,"female",2,"rent","little",NA,1236,9,"domestic appliances"
"352",1,29,"female",2,"own","little","moderate",959,9,"furniture/equipment"
"353",1,38,"male",3,"own",NA,NA,3229,18,"car"
"354",0,28,"male",2,"rent","little","little",6199,12,"radio/TV"
"355",1,46,"male",2,"free","quite rich",NA,727,10,"education"
"356",1,23,"male",1,"own","little","moderate",1246,24,"car"
"357",1,49,"male",2,"own",NA,NA,2331,12,"radio/TV"
"358",1,26,"male",3,"own","little",NA,4463,36,"radio/TV"
"359",1,28,"male",2,"own","little",NA,776,12,"radio/TV"
"360",1,23,"female",2,"rent","little","little",2406,30,"furniture/equipment"
"361",1,61,"male",2,"free",NA,"moderate",1239,18,"education"
"362",1,37,"male",3,"own",NA,"rich",3399,12,"radio/TV"
"363",1,36,"female",2,"own","little","rich",2247,12,"car"
"364",1,21,"male",2,"rent","little",NA,1766,6,"furniture/equipment"
"365",1,25,"male",0,"own","little","little",2473,18,"furniture/equipment"
"366",1,36,"male",2,"own","little",NA,1542,12,"business"
"367",1,27,"male",2,"own","little",NA,3850,18,"car"
"368",1,22,"female",2,"rent","little","little",3650,18,"furniture/equipment"
"369",1,42,"male",2,"own","little","little",3446,36,"furniture/equipment"
"370",1,40,"female",2,"rent","little","moderate",3001,18,"furniture/equipment"
"371",1,36,"male",2,"own",NA,NA,3079,36,"car"
"372",1,33,"male",2,"own","little",NA,6070,18,"radio/TV"
"373",1,23,"female",2,"rent","little",NA,2146,10,"furniture/equipment"
"374",1,63,"male",3,"free",NA,NA,13756,60,"car"
"375",1,60,"female",3,"free","moderate","moderate",14782,60,"vacation/others"
"376",1,37,"female",2,"rent","little","little",7685,48,"business"
"377",0,34,"male",2,"own","little",NA,2320,18,"radio/TV"
"378",1,36,"male",2,"free",NA,NA,846,7,"radio/TV"
"379",1,57,"male",3,"free","little","moderate",14318,36,"car"
"380",1,52,"female",1,"own","moderate",NA,362,6,"car"
"381",1,39,"male",2,"own",NA,"little",2212,20,"furniture/equipment"
"382",1,38,"female",3,"free","little","moderate",12976,18,"car"
"383",1,25,"female",2,"rent",NA,NA,1283,22,"car"
"384",1,26,"male",2,"own","little","rich",1330,12,"car"
"385",1,26,"male",1,"own","moderate",NA,4272,30,"business"
"386",1,25,"female",2,"own","little",NA,2238,18,"radio/TV"
"387",0,21,"female",2,"rent",NA,NA,1126,18,"radio/TV"
"388",1,40,"male",3,"own","little","moderate",7374,18,"furniture/equipment"
"389",1,27,"male",2,"own","quite rich","moderate",2326,15,"business"
"390",1,27,"female",2,"own","little",NA,1449,9,"business"
"391",1,30,"male",3,"own","little",NA,1820,18,"car"
"392",1,19,"female",1,"rent","rich","moderate",983,12,"furniture/equipment"
"393",1,39,"male",3,"free","little","little",3249,36,"car"
"394",1,31,"female",2,"own","little","little",1957,6,"radio/TV"
"395",1,31,"male",3,"own","little",NA,2406,9,"furniture/equipment"
"396",1,32,"male",2,"rent","moderate","moderate",11760,39,"education"
"397",1,55,"female",3,"free","little","little",2578,12,"furniture/equipment"
"398",1,46,"male",2,"own","little","little",2348,36,"furniture/equipment"
"399",1,46,"male",2,"rent","little","moderate",1223,12,"car"
"400",1,43,"female",1,"own","rich",NA,1516,24,"radio/TV"
"401",1,39,"male",2,"own","little",NA,1473,18,"radio/TV"
"402",1,28,"male",2,"own",NA,"moderate",1887,18,"business"
"403",1,27,"male",2,"own","little",NA,8648,24,"business"
"404",1,27,"male",1,"own","little",NA,802,14,"car"
"405",1,43,"male",2,"own",NA,"moderate",2899,18,"car"
"406",1,22,"male",2,"own","little","moderate",2039,24,"radio/TV"
"407",1,43,"male",2,"own",NA,NA,2197,24,"car"
"408",1,27,"male",2,"own","little","little",1053,15,"radio/TV"
"409",1,26,"male",3,"own","quite rich",NA,3235,24,"radio/TV"
"410",1,28,"male",2,"own","quite rich","rich",939,12,"car"
"411",1,20,"female",2,"own","little","moderate",1967,24,"radio/TV"
"412",1,35,"male",3,"own","little",NA,7253,33,"car"
"413",1,42,"male",3,"own","little",NA,2292,12,"business"
"414",1,40,"male",1,"rent","quite rich",NA,1597,10,"car"
"415",1,35,"female",2,"own",NA,"little",1381,24,"car"
"416",1,35,"male",2,"own","little",NA,5842,36,"car"
"417",1,33,"male",1,"own","little","little",2579,12,"car"
"418",1,23,"female",2,"rent",NA,"little",8471,18,"education"
"419",1,31,"female",3,"own","quite rich",NA,2782,21,"car"
"420",1,33,"female",2,"own",NA,"moderate",1042,18,"car"
"421",1,20,"female",2,"rent","rich",NA,3186,15,"car"
"422",1,30,"male",2,"own",NA,"moderate",2028,12,"car"
"423",1,47,"male",1,"own","little","moderate",958,12,"car"
"424",1,34,"male",3,"own","moderate",NA,1591,21,"furniture/equipment"
"425",1,25,"female",2,"own",NA,"moderate",2762,12,"furniture/equipment"
"426",1,21,"male",2,"rent","little","moderate",2779,18,"car"
"427",1,29,"male",2,"own","little",NA,2743,28,"radio/TV"
"428",0,46,"male",2,"own","rich",NA,1149,18,"radio/TV"
"429",1,20,"male",2,"own","little",NA,1313,9,"furniture/equipment"
"430",1,55,"female",0,"free","little","little",1190,18,"repairs"
"431",1,74,"male",1,"own","little",NA,3448,5,"business"
"432",0,29,"male",3,"own","little","moderate",11328,24,"vacation/others"
"433",1,36,"male",3,"free","little","little",1872,6,"furniture/equipment"
"434",1,33,"male",2,"own","little",NA,2058,24,"repairs"
"435",1,25,"male",2,"own","little","little",2136,9,"furniture/equipment"
"436",1,25,"male",2,"own",NA,"moderate",1484,12,"radio/TV"
"437",1,23,"male",1,"rent","quite rich",NA,660,6,"repairs"
"438",1,37,"female",2,"own","rich",NA,1287,24,"car"
"439",1,65,"male",0,"own","little","little",3394,42,"repairs"
"440",1,26,"female",0,"own","little","rich",609,12,"business"
"441",1,39,"male",3,"own","little",NA,1884,12,"car"
"442",1,30,"female",2,"own","little","little",1620,12,"furniture/equipment"
"443",1,29,"male",2,"own","little","moderate",2629,20,"vacation/others"
"444",1,41,"male",1,"own","little",NA,719,12,"education"
"445",1,30,"female",3,"own","little","moderate",5096,48,"furniture/equipment"
"446",1,41,"female",1,"rent",NA,NA,1244,9,"education"
"447",1,34,"female",2,"own","little","little",1842,36,"car"
"448",1,35,"male",2,"own","little","moderate",2576,7,"radio/TV"
"449",1,55,"female",3,"own",NA,"rich",1424,12,"furniture/equipment"
"450",1,61,"male",2,"own","rich","moderate",1512,15,"repairs"
"451",0,30,"male",3,"own",NA,NA,11054,36,"car"
"452",1,29,"female",2,"own","little",NA,518,6,"radio/TV"
"453",1,34,"male",2,"own","little",NA,2759,12,"furniture/equipment"
"454",1,35,"male",3,"own","little",NA,2670,24,"car"
"455",1,31,"male",2,"own","little","little",4817,24,"car"
"456",1,29,"female",3,"own","little",NA,2679,24,"car"
"457",1,36,"male",2,"rent","little","little",3905,11,"car"
"458",1,35,"male",2,"free","little","little",3386,12,"car"
"459",1,27,"female",2,"own","little","little",343,6,"domestic appliances"
"460",1,32,"male",2,"own","little",NA,4594,18,"radio/TV"
"461",1,37,"male",2,"own","little","little",3620,36,"furniture/equipment"
"462",1,36,"male",2,"own","little","little",1721,15,"car"
"463",1,34,"female",3,"rent","little","moderate",3017,12,"furniture/equipment"
"464",0,38,"male",2,"own",NA,"moderate",754,12,"education"
"465",1,34,"male",2,"own","little",NA,1950,18,"business"
"466",1,63,"male",2,"own","little","little",2924,24,"car"
"467",1,29,"female",1,"rent","little","little",1659,24,"radio/TV"
"468",1,32,"male",2,"own",NA,NA,7238,48,"radio/TV"
"469",1,26,"female",2,"own","little",NA,2764,33,"business"
"470",1,35,"male",1,"own","little",NA,4679,24,"car"
"471",1,22,"male",2,"rent","moderate","moderate",3092,24,"radio/TV"
"472",1,23,"female",2,"own","little","little",448,6,"education"
"473",1,28,"male",1,"own","little","little",654,9,"car"
"474",1,36,"male",3,"own",NA,NA,1238,6,"education"
"475",1,33,"male",2,"own","little","moderate",1245,18,"radio/TV"
"476",1,26,"female",2,"rent","little","little",3114,18,"furniture/equipment"
"477",1,24,"male",2,"own","quite rich",NA,2569,39,"car"
"478",1,25,"male",2,"own","little","rich",5152,24,"radio/TV"
"479",1,39,"male",1,"own","moderate","moderate",1037,12,"business"
"480",1,44,"male",2,"own","little","little",1478,15,"furniture/equipment"
"481",1,23,"female",1,"own","little","moderate",3573,12,"radio/TV"
"482",1,26,"male",2,"own","little","moderate",1201,24,"car"
"483",1,57,"female",2,"rent","rich","little",3622,30,"furniture/equipment"
"484",1,30,"female",2,"own","rich",NA,960,15,"furniture/equipment"
"485",1,44,"male",2,"own","quite rich",NA,1163,12,"car"
"486",1,47,"male",3,"own","little","moderate",1209,6,"car"
"487",1,52,"male",2,"own","little",NA,3077,12,"radio/TV"
"488",1,62,"female",2,"free","little",NA,3757,24,"car"
"489",1,35,"male",1,"rent","moderate",NA,1418,10,"car"
"490",1,26,"male",2,"rent","little",NA,3518,6,"car"
"491",1,26,"male",2,"own","little",NA,1934,12,"radio/TV"
"492",1,42,"female",3,"free","little","moderate",8318,27,"business"
"493",1,27,"female",2,"own","moderate",NA,1237,6,"radio/TV"
"494",1,38,"male",2,"own",NA,"moderate",368,6,"radio/TV"
"495",1,39,"male",1,"rent","little","little",2122,12,"car"
"496",1,20,"male",2,"own",NA,"little",2996,24,"furniture/equipment"
"497",1,29,"male",3,"rent","moderate","moderate",9034,36,"furniture/equipment"
"498",1,40,"male",2,"own","little",NA,1585,24,"furniture/equipment"
"499",1,32,"male",1,"own","little","moderate",1301,18,"radio/TV"
"500",1,28,"male",2,"own","moderate","rich",1323,6,"car"
"501",1,27,"female",2,"own","little","little",3123,24,"car"
"502",1,42,"male",2,"free","little","little",5493,36,"car"
"503",1,49,"male",2,"own","moderate","rich",1126,9,"radio/TV"
"504",1,38,"male",2,"own","moderate","moderate",1216,24,"radio/TV"
"505",1,24,"female",2,"rent","little","little",1207,24,"car"
"506",1,27,"male",1,"own",NA,NA,1309,10,"car"
"507",1,36,"male",2,"own","quite rich","rich",2360,15,"car"
"508",1,34,"male",3,"own","moderate","moderate",6850,15,"car"
"509",1,28,"male",2,"own","little",NA,1413,24,"radio/TV"
"510",1,45,"male",3,"own","moderate",NA,8588,39,"car"
"511",1,26,"male",2,"own","little","little",759,12,"car"
"512",1,32,"male",3,"free","little",NA,4686,36,"car"
"513",1,26,"male",2,"rent","little","rich",2687,15,"business"
"514",1,20,"male",2,"rent","little","moderate",585,12,"radio/TV"
"515",1,54,"male",2,"own",NA,NA,2255,24,"car"
"516",1,37,"female",2,"own","little","little",609,6,"car"
"517",1,40,"male",1,"own","little","little",1361,6,"car"
"518",0,23,"female",2,"rent","little",NA,7127,36,"furniture/equipment"
"519",0,43,"male",2,"own","moderate","little",1203,6,"car"
"520",0,36,"male",2,"free",NA,NA,700,6,"radio/TV"
"521",0,44,"male",2,"free","little",NA,5507,24,"repairs"
"522",0,24,"female",2,"own","little","little",3190,18,"radio/TV"
"523",1,53,"male",2,"free","little","little",7119,48,"furniture/equipment"
"524",1,23,"female",2,"own","moderate",NA,3488,24,"car"
"525",1,26,"female",1,"own","little","moderate",1113,18,"radio/TV"
"526",1,30,"male",2,"own","little","moderate",7966,26,"car"
"527",1,31,"female",2,"own","moderate",NA,1532,15,"education"
"528",1,42,"male",1,"own","little",NA,1503,4,"radio/TV"
"529",1,31,"male",2,"rent","little","little",2302,36,"radio/TV"
"530",1,41,"male",1,"own","little","little",662,6,"car"
"531",1,32,"male",2,"own","little","moderate",2273,36,"education"
"532",1,28,"female",2,"rent","moderate","moderate",2631,15,"car"
"533",1,41,"male",2,"rent","little",NA,1503,12,"car"
"534",1,26,"male",2,"own","moderate",NA,1311,24,"radio/TV"
"535",1,25,"male",2,"own",NA,NA,3105,24,"radio/TV"
"536",1,33,"male",2,"rent","little","rich",2319,21,"education"
"537",1,75,"female",3,"own",NA,"little",1374,6,"car"
"538",1,37,"female",2,"own","little","moderate",3612,18,"furniture/equipment"
"539",1,42,"male",3,"free","little","little",7763,48,"car"
"540",1,45,"female",1,"own","little","rich",3049,18,"furniture/equipment"
"541",0,23,"male",2,"rent","little","moderate",1534,12,"radio/TV"
"542",1,60,"male",2,"free","little",NA,2032,24,"car"
"543",0,31,"male",2,"own",NA,"little",6350,30,"furniture/equipment"
"544",1,34,"male",1,"own","little","rich",2864,18,"furniture/equipment"
"545",1,61,"male",1,"own","little",NA,1255,12,"car"
"546",1,43,"male",2,"free","little","little",1333,24,"car"
"547",1,37,"female",2,"own","little",NA,2022,24,"car"
"548",1,32,"male",2,"own","little",NA,1552,24,"radio/TV"
"549",1,24,"female",1,"own","little","little",626,12,"radio/TV"
"550",1,35,"male",2,"free",NA,NA,8858,48,"car"
"551",1,23,"female",2,"own",NA,NA,996,12,"repairs"
"552",1,45,"male",1,"own","quite rich",NA,1750,6,"radio/TV"
"553",1,34,"male",2,"own","little","little",6999,48,"radio/TV"
"554",1,27,"male",2,"own","moderate","moderate",1995,12,"car"
"555",1,67,"female",3,"own","little","moderate",1199,9,"education"
"556",1,22,"male",2,"own","little","moderate",1331,12,"radio/TV"
"557",1,28,"female",2,"own","moderate","moderate",2278,18,"car"
"558",1,29,"female",2,"own",NA,NA,5003,21,"car"
"559",1,27,"male",2,"own","little","little",3552,24,"furniture/equipment"
"560",1,31,"male",1,"own","little","moderate",1928,18,"furniture/equipment"
"561",1,49,"male",2,"free",NA,"little",2964,24,"car"
"562",1,24,"male",1,"rent","little","little",1546,24,"radio/TV"
"563",0,29,"female",2,"own","little","rich",683,6,"radio/TV"
"564",1,37,"male",2,"free",NA,"moderate",12389,36,"car"
"565",1,37,"male",3,"own",NA,"moderate",4712,24,"business"
"566",1,23,"female",2,"rent","moderate","moderate",1553,24,"radio/TV"
"567",1,36,"male",2,"own","little","little",1372,12,"car"
"568",1,34,"male",2,"own","rich",NA,2578,24,"radio/TV"
"569",1,41,"male",2,"own",NA,"moderate",3979,48,"radio/TV"
"570",1,31,"female",2,"own","little","little",6758,48,"radio/TV"
"571",1,23,"female",1,"rent","little","little",3234,24,"furniture/equipment"
"572",1,38,"male",2,"own","little",NA,5954,30,"radio/TV"
"573",1,26,"female",3,"rent",NA,NA,5433,24,"car"
"574",1,22,"female",1,"own","little","little",806,15,"business"
"575",1,27,"male",1,"own","little","moderate",1082,9,"radio/TV"
"576",1,24,"female",2,"own","little",NA,2788,15,"furniture/equipment"
"577",0,27,"female",2,"own","little","moderate",2930,12,"radio/TV"
"578",0,33,"female",2,"own",NA,NA,1927,24,"education"
"579",0,27,"male",2,"own","little","moderate",2820,36,"car"
"580",0,27,"male",1,"own","little",NA,937,24,"education"
"581",0,30,"male",2,"own","little","moderate",1056,18,"car"
"582",0,49,"male",1,"own","little","moderate",3124,12,"car"
"583",0,26,"female",2,"rent","little",NA,1388,9,"furniture/equipment"
"584",0,33,"male",1,"rent","little","moderate",2384,36,"repairs"
"585",0,52,"female",3,"free",NA,NA,2133,12,"car"
"586",1,20,"female",2,"rent","little","little",2039,18,"furniture/equipment"
"587",1,36,"male",2,"rent","little","little",2799,9,"car"
"588",1,21,"male",1,"own","little","little",1289,12,"furniture/equipment"
"589",1,47,"male",1,"own","little","little",1217,18,"domestic appliances"
"590",1,60,"male",2,"own","little","little",2246,12,"furniture/equipment"
"591",1,58,"female",1,"own","little","little",385,12,"radio/TV"
"592",1,42,"female",2,"rent",NA,"moderate",1965,24,"car"
"593",0,36,"female",1,"own","rich",NA,1572,21,"business"
"594",0,20,"female",1,"rent","little","moderate",2718,24,"car"
"595",1,40,"male",3,"own",NA,"little",1358,24,"vacation/others"
"596",1,32,"female",1,"own","moderate","moderate",931,6,"car"
"597",1,23,"female",2,"rent","little","little",1442,24,"car"
"598",1,36,"male",1,"own","little","moderate",4241,24,"business"
"599",1,31,"male",2,"own","little",NA,2775,18,"car"
"600",0,32,"male",2,"free","little",NA,3863,24,"business"
"601",0,45,"female",2,"own","little","moderate",2329,7,"radio/TV"
"602",1,30,"female",2,"own","little","moderate",918,9,"furniture/equipment"
"603",1,34,"female",1,"free","little","moderate",1837,24,"education"
"604",1,28,"female",3,"own","little",NA,3349,36,"furniture/equipment"
"605",0,23,"female",2,"own","little","rich",1275,10,"furniture/equipment"
"606",1,22,"male",2,"own","quite rich","little",2828,24,"furniture/equipment"
"607",1,74,"male",3,"own","little",NA,4526,24,"business"
"608",1,50,"female",2,"free","moderate","moderate",2671,36,"radio/TV"
"609",1,33,"male",2,"own","little",NA,2051,18,"radio/TV"
"610",1,45,"male",2,"free",NA,NA,1300,15,"car"
"611",0,22,"female",2,"own","moderate","little",741,12,"domestic appliances"
"612",1,48,"female",1,"free","moderate","rich",1240,10,"car"
"613",1,29,"female",2,"own","rich","little",3357,21,"radio/TV"
"614",1,22,"female",2,"rent","little","little",3632,24,"car"
"615",1,22,"female",2,"own","little",NA,1808,18,"furniture/equipment"
"616",1,48,"male",3,"own",NA,"moderate",12204,48,"business"
"617",1,27,"male",3,"free",NA,"moderate",9157,60,"radio/TV"
"618",1,37,"male",2,"rent","little","little",3676,6,"car"
"619",0,21,"female",2,"rent","moderate","moderate",3441,30,"furniture/equipment"
"620",1,49,"male",1,"own","little",NA,640,12,"car"
"621",1,27,"male",2,"own","little","moderate",3652,21,"business"
"622",1,32,"male",2,"own","little",NA,1530,18,"car"
"623",1,38,"male",2,"own",NA,NA,3914,48,"business"
"624",1,22,"female",2,"rent","little","little",1858,12,"furniture/equipment"
"625",1,65,"male",2,"free","little","little",2600,18,"radio/TV"
"626",1,35,"male",2,"own",NA,NA,1979,15,"radio/TV"
"627",1,41,"male",2,"own","little","rich",2116,6,"furniture/equipment"
"628",1,29,"male",2,"own","moderate","moderate",1437,9,"car"
"629",1,36,"male",2,"own","quite rich",NA,4042,42,"furniture/equipment"
"630",1,64,"male",1,"own",NA,NA,3832,9,"education"
"631",1,28,"female",2,"own","little","little",3660,24,"radio/TV"
"632",1,44,"male",2,"own","little","little",1553,18,"furniture/equipment"
"633",1,23,"male",2,"own",NA,"moderate",1444,15,"radio/TV"
"634",1,19,"female",2,"rent","little",NA,1980,9,"furniture/equipment"
"635",1,25,"female",1,"own","little","moderate",1355,24,"car"
"636",1,47,"male",2,"own","little",NA,1393,12,"education"
"637",0,28,"female",2,"own","quite rich",NA,1376,24,"radio/TV"
"638",1,21,"male",2,"own","little",NA,15653,60,"radio/TV"
"639",1,34,"female",2,"own","little",NA,1493,12,"radio/TV"
"640",1,26,"male",2,"own","little","little",4370,42,"radio/TV"
"641",1,27,"female",0,"own","little","little",750,18,"education"
"642",1,38,"male",1,"own","little","moderate",1308,15,"repairs"
"643",1,40,"male",3,"own","moderate",NA,4623,15,"education"
"644",0,33,"male",2,"own","little",NA,1851,24,"radio/TV"
"645",1,32,"male",3,"own","little","little",1880,18,"radio/TV"
"646",1,27,"male",2,"rent",NA,NA,7980,36,"business"
"647",1,32,"male",2,"own","little","little",4583,30,"furniture/equipment"
"648",1,26,"female",2,"own","quite rich",NA,1386,12,"car"
"649",1,38,"male",2,"free","little","rich",947,24,"car"
"650",1,40,"male",1,"rent","little","little",684,12,"education"
"651",1,50,"male",3,"free","little","little",7476,48,"education"
"652",1,37,"male",1,"own","little","moderate",1922,12,"furniture/equipment"
"653",1,45,"male",2,"own","little","little",2303,24,"car"
"654",1,42,"male",3,"own","moderate","moderate",8086,36,"car"
"655",1,35,"male",2,"own","little",NA,2346,24,"car"
"656",1,22,"male",2,"free","little","little",3973,14,"car"
"657",0,41,"male",1,"own","little","moderate",888,12,"car"
"658",1,37,"male",2,"own",NA,NA,10222,48,"radio/TV"
"659",1,28,"female",2,"own","little","moderate",4221,30,"business"
"660",1,41,"male",2,"own","little","moderate",6361,18,"furniture/equipment"
"661",1,23,"male",2,"rent","little","rich",1297,12,"radio/TV"
"662",1,23,"male",2,"own",NA,"little",900,12,"car"
"663",1,50,"male",2,"own","little",NA,2241,21,"furniture/equipment"
"664",1,35,"male",3,"own","little","moderate",1050,6,"furniture/equipment"
"665",1,50,"female",1,"own","little","rich",1047,6,"education"
"666",1,27,"male",3,"own","little",NA,6314,24,"vacation/others"
"667",1,34,"male",2,"own","rich","moderate",3496,30,"furniture/equipment"
"668",1,27,"female",2,"own","little",NA,3609,48,"business"
"669",1,43,"male",2,"rent","little","little",4843,12,"car"
"670",1,47,"male",2,"own","little","rich",3017,30,"radio/TV"
"671",1,27,"male",1,"own","moderate",NA,4139,24,"business"
"672",1,31,"male",2,"own","moderate",NA,5742,36,"business"
"673",1,42,"male",3,"own","little",NA,10366,60,"car"
"674",1,24,"male",2,"own","quite rich",NA,2080,6,"car"
"675",1,41,"male",1,"own","quite rich",NA,2580,21,"business"
"676",1,26,"female",3,"rent","little",NA,4530,30,"radio/TV"
"677",1,33,"male",2,"own","little",NA,5150,24,"furniture/equipment"
"678",1,24,"male",2,"own","moderate","moderate",5595,72,"radio/TV"
"679",1,64,"male",1,"rent","little","little",2384,24,"radio/TV"
"680",1,26,"female",2,"own","little",NA,1453,18,"radio/TV"
"681",1,56,"female",2,"own","little",NA,1538,6,"education"
"682",1,37,"male",2,"free",NA,NA,2279,12,"radio/TV"
"683",1,33,"male",2,"own","little",NA,1478,15,"radio/TV"
"684",1,47,"male",2,"free","little",NA,5103,24,"radio/TV"
"685",1,31,"male",1,"own","moderate","moderate",9857,36,"business"
"686",1,34,"male",2,"free",NA,NA,6527,60,"car"
"687",1,27,"male",2,"own",NA,"rich",1347,10,"radio/TV"
"688",1,30,"male",2,"free","moderate","moderate",2862,36,"car"
"689",1,35,"male",2,"own","moderate",NA,2753,9,"radio/TV"
"690",0,31,"male",2,"own","rich","little",3651,12,"car"
"691",1,25,"male",2,"own","little","little",975,15,"furniture/equipment"
"692",1,25,"female",1,"own","moderate","moderate",2631,15,"repairs"
"693",1,29,"male",2,"own","moderate","moderate",2896,24,"radio/TV"
"694",1,44,"male",1,"own",NA,"little",4716,6,"car"
"695",1,28,"male",2,"own","little",NA,2284,24,"radio/TV"
"696",1,50,"male",2,"rent","quite rich",NA,1236,6,"car"
"697",1,29,"male",2,"own","little","moderate",1103,12,"radio/TV"
"698",1,38,"female",0,"own","little",NA,926,12,"car"
"699",1,24,"male",2,"own","little",NA,1800,18,"radio/TV"
"700",1,40,"male",3,"rent","little","rich",1905,15,"education"
"701",0,29,"female",1,"rent","quite rich",NA,1123,12,"furniture/equipment"
"702",1,46,"male",2,"free","little","little",6331,48,"car"
"703",1,47,"female",2,"free","moderate","rich",1377,24,"radio/TV"
"704",1,41,"male",2,"own","moderate","moderate",2503,30,"business"
"705",1,32,"female",2,"own","little","moderate",2528,27,"business"
"706",1,35,"female",2,"free","quite rich",NA,5324,15,"car"
"707",1,24,"male",2,"own","moderate","moderate",6560,48,"car"
"708",1,25,"female",2,"rent","little","moderate",2969,12,"furniture/equipment"
"709",0,25,"female",2,"own","little","moderate",1206,9,"radio/TV"
"710",1,37,"male",1,"own","little","moderate",2118,9,"radio/TV"
"711",1,32,"male",3,"own","quite rich",NA,629,18,"radio/TV"
"712",1,35,"female",2,"free","little","little",1198,6,"education"
"713",1,46,"male",3,"own",NA,NA,2476,21,"car"
"714",1,25,"male",1,"own","little","little",1138,9,"radio/TV"
"715",1,27,"male",3,"own","little","moderate",14027,60,"car"
"716",1,63,"male",2,"own",NA,NA,7596,30,"car"
"717",1,40,"male",2,"own",NA,NA,3077,30,"radio/TV"
"718",0,32,"male",3,"free","little",NA,1505,18,"radio/TV"
"719",0,31,"male",2,"own",NA,"rich",3148,24,"radio/TV"
"720",0,31,"male",2,"own","moderate","moderate",6148,20,"car"
"721",0,34,"male",3,"own","little","rich",1337,9,"radio/TV"
"722",1,24,"female",2,"rent","rich","moderate",433,6,"education"
"723",1,24,"female",1,"own","little","little",1228,12,"car"
"724",1,66,"female",1,"own","quite rich","moderate",790,9,"radio/TV"
"725",1,21,"female",2,"rent","little",NA,2570,27,"car"
"726",1,41,"female",1,"own","rich",NA,250,6,"car"
"727",1,47,"male",1,"own","quite rich",NA,1316,15,"radio/TV"
"728",1,25,"female",2,"rent","little","little",1882,18,"radio/TV"
"729",1,59,"female",2,"rent","little","moderate",6416,48,"business"
"730",1,36,"male",2,"own","rich","rich",1275,24,"business"
"731",1,33,"male",2,"own","little","moderate",6403,24,"radio/TV"
"732",1,21,"male",1,"rent","little","little",1987,24,"radio/TV"
"733",1,44,"female",1,"own","little","moderate",760,8,"radio/TV"
"734",1,28,"female",2,"rent","rich",NA,2603,24,"car"
"735",1,37,"female",2,"own","little",NA,3380,4,"car"
"736",1,29,"female",0,"own",NA,"moderate",3990,36,"domestic appliances"
"737",1,23,"female",3,"rent","little","moderate",11560,24,"car"
"738",1,35,"male",1,"own","moderate","little",4380,18,"car"
"739",1,45,"male",3,"own","little",NA,6761,6,"car"
"740",1,26,"female",1,"rent","moderate","moderate",4280,30,"business"
"741",1,32,"male",2,"own","moderate","little",2325,24,"car"
"742",1,23,"male",1,"own","little","moderate",1048,10,"radio/TV"
"743",0,41,"male",2,"own",NA,NA,3160,21,"radio/TV"
"744",1,22,"male",2,"own","quite rich","little",2483,24,"furniture/equipment"
"745",1,30,"male",3,"own",NA,"little",14179,39,"furniture/equipment"
"746",1,28,"male",1,"own","little","little",1797,13,"business"
"747",1,23,"female",2,"rent","little","little",2511,15,"car"
"748",1,37,"female",1,"own","little","little",1274,12,"car"
"749",1,26,"male",2,"own",NA,NA,5248,21,"car"
"750",1,33,"male",2,"own","little",NA,3029,15,"car"
"751",1,49,"female",2,"own","little","little",428,6,"furniture/equipment"
"752",0,23,"female",1,"own","little","little",976,18,"car"
"753",0,23,"female",1,"rent","moderate","moderate",841,12,"business"
"754",0,25,"female",2,"own","little",NA,5771,30,"radio/TV"
"755",0,55,"male",2,"free","rich",NA,1555,12,"repairs"
"756",0,32,"female",2,"rent",NA,"little",1285,24,"car"
"757",0,74,"male",0,"own","little","rich",1299,6,"car"
"758",0,39,"male",2,"free",NA,"rich",1271,15,"radio/TV"
"759",0,31,"male",2,"own","little",NA,1393,24,"car"
"760",0,35,"male",2,"own","little","little",691,12,"car"
"761",0,59,"female",2,"own",NA,NA,5045,15,"car"
"762",0,24,"female",2,"rent","little","little",2124,18,"furniture/equipment"
"763",0,24,"male",1,"own","little","little",2214,12,"radio/TV"
"764",0,30,"male",3,"free",NA,NA,12680,21,"car"
"765",0,27,"male",2,"own","moderate",NA,2463,24,"car"
"766",0,40,"male",1,"own","little","moderate",1155,12,"radio/TV"
"767",0,31,"male",1,"own","little","little",3108,30,"furniture/equipment"
"768",0,31,"female",2,"rent",NA,NA,2901,10,"car"
"769",0,28,"male",2,"rent","little","moderate",3617,12,"furniture/equipment"
"770",0,63,"male",1,"own","little",NA,1655,12,"radio/TV"
"771",0,26,"female",2,"rent",NA,"little",2812,24,"car"
"772",0,25,"female",3,"own","little","little",8065,36,"education"
"773",0,36,"male",3,"own","little",NA,3275,21,"car"
"774",0,52,"male",2,"own","moderate",NA,2223,24,"radio/TV"
"775",0,66,"male",0,"free","quite rich","rich",1480,12,"car"
"776",0,25,"female",2,"rent",NA,"little",1371,24,"car"
"777",0,37,"male",2,"own","little",NA,3535,36,"car"
"778",0,25,"female",2,"own","little","little",3509,18,"radio/TV"
"779",0,38,"male",3,"own","rich",NA,5711,36,"car"
"780",0,67,"female",2,"own","little","moderate",3872,18,"repairs"
"781",0,25,"male",2,"own","little","moderate",4933,39,"radio/TV"
"782",0,60,"male",2,"own","rich",NA,1940,24,"car"
"783",0,31,"male",1,"own","little","moderate",1410,12,"education"
"784",0,23,"female",1,"own","moderate","moderate",836,12,"car"
"785",0,60,"male",3,"own",NA,"moderate",6468,20,"car"
"786",0,35,"male",1,"own","rich","moderate",1941,18,"business"
"787",0,40,"male",2,"own","quite rich",NA,2675,22,"radio/TV"
"788",0,38,"male",2,"own",NA,NA,2751,48,"car"
"789",0,50,"male",2,"free","little","moderate",6224,48,"education"
"790",0,27,"male",2,"own","little","little",5998,40,"education"
"791",0,39,"female",2,"own","little","moderate",1188,21,"business"
"792",0,41,"male",3,"own",NA,NA,6313,24,"car"
"793",0,27,"male",2,"own",NA,NA,1221,6,"furniture/equipment"
"794",0,51,"male",2,"free","little","rich",2892,24,"furniture/equipment"
"795",0,32,"male",2,"rent","quite rich",NA,3062,24,"furniture/equipment"
"796",0,22,"female",2,"rent","moderate",NA,2301,9,"furniture/equipment"
"797",0,51,"male",2,"free",NA,"little",7511,18,"car"
"798",0,22,"female",1,"rent","little",NA,1258,12,"furniture/equipment"
"799",0,54,"male",2,"own",NA,NA,717,24,"car"
"800",0,35,"male",0,"own",NA,"moderate",1549,9,"car"
"801",0,54,"male",2,"free","little",NA,1597,24,"education"
"802",0,48,"female",1,"rent","little","moderate",1795,18,"radio/TV"
"803",0,24,"female",2,"own","little","little",4272,20,"furniture/equipment"
"804",0,35,"male",2,"own",NA,NA,976,12,"radio/TV"
"805",0,24,"female",0,"rent",NA,"moderate",7472,12,"car"
"806",0,24,"male",2,"own","little","little",9271,36,"car"
"807",0,26,"male",1,"own","little","moderate",590,6,"radio/TV"
"808",0,65,"male",2,"own",NA,NA,930,12,"radio/TV"
"809",0,55,"male",3,"free","little","moderate",9283,42,"car"
"810",0,26,"female",0,"rent","little","moderate",1778,15,"car"
"811",0,26,"male",2,"own","little","moderate",907,8,"business"
"812",0,28,"male",1,"own","little","moderate",484,6,"radio/TV"
"813",0,24,"male",2,"own","little","little",9629,36,"car"
"814",0,54,"male",2,"own","little","little",3051,48,"domestic appliances"
"815",0,46,"male",2,"free","little","little",3931,48,"car"
"816",0,54,"female",2,"rent","little","moderate",7432,36,"car"
"817",0,62,"male",2,"own","quite rich",NA,1338,6,"domestic appliances"
"818",0,24,"female",2,"rent","little",NA,1554,6,"radio/TV"
"819",0,43,"male",3,"own","little","little",15857,36,"vacation/others"
"820",0,26,"male",2,"own","little","little",1345,18,"radio/TV"
"821",0,27,"male",2,"own","little",NA,1101,12,"car"
"822",0,24,"male",2,"own","little","rich",3016,12,"radio/TV"
"823",0,41,"male",2,"own","little","little",2712,36,"furniture/equipment"
"824",0,47,"male",1,"own","little","little",731,8,"car"
"825",0,35,"male",3,"own","little",NA,3780,18,"furniture/equipment"
"826",0,30,"male",2,"own","little","little",1602,21,"car"
"827",0,33,"female",2,"rent","little","little",3966,18,"car"
"828",0,36,"male",2,"own","little",NA,4165,18,"business"
"829",0,47,"male",2,"free",NA,"little",8335,36,"car"
"830",0,38,"male",2,"free",NA,"moderate",6681,48,"business"
"831",0,44,"male",2,"own","quite rich",NA,2375,24,"business"
"832",0,23,"female",2,"rent","little","little",1216,18,"car"
"833",0,29,"male",2,"rent","little","little",11816,45,"business"
"834",0,42,"female",2,"own",NA,"moderate",5084,24,"radio/TV"
"835",0,25,"female",1,"own","little","rich",2327,15,"radio/TV"
"836",0,48,"male",2,"own","little","little",1082,12,"car"
"837",0,21,"female",2,"own",NA,NA,886,12,"radio/TV"
"838",0,23,"female",1,"rent","little",NA,601,4,"furniture/equipment"
"839",0,63,"male",2,"own","little","little",2957,24,"car"
"840",0,46,"male",2,"own","little",NA,2611,24,"radio/TV"
"841",0,29,"male",2,"own","little","little",5179,36,"furniture/equipment"
"842",0,28,"male",1,"own","little",NA,2993,21,"car"
"843",0,23,"female",2,"own","little",NA,1943,18,"repairs"
"844",0,50,"male",2,"own","little",NA,1559,24,"business"
"845",0,47,"male",2,"own","little",NA,3422,18,"furniture/equipment"
"846",0,35,"male",2,"own",NA,"moderate",3976,21,"furniture/equipment"
"847",0,68,"male",2,"rent",NA,NA,6761,18,"car"
"848",0,28,"male",2,"own","little",NA,1249,24,"car"
"849",0,59,"male",2,"own","little","little",1364,9,"radio/TV"
"850",0,57,"male",1,"own","little","little",709,12,"radio/TV"
"851",0,33,"male",2,"rent","little","little",2235,20,"car"
"852",0,43,"male",2,"own",NA,NA,4042,24,"car"
"853",0,35,"male",2,"free","little",NA,1471,15,"radio/TV"
"854",0,32,"male",1,"free","little","little",1442,18,"car"
"855",0,45,"male",2,"own","little",NA,10875,36,"car"
"856",0,33,"male",2,"own","moderate",NA,1474,24,"car"
"857",0,40,"female",2,"own",NA,NA,894,10,"education"
"858",0,28,"male",2,"free","little",NA,3343,15,"furniture/equipment"
"859",0,29,"female",2,"own","little","little",3959,15,"car"
"860",0,26,"male",2,"rent","moderate",NA,3577,9,"car"
"861",0,27,"male",2,"own","rich",NA,5804,24,"car"
"862",0,28,"male",2,"own","little",NA,2169,18,"business"
"863",0,35,"female",2,"own","little","little",2439,24,"radio/TV"
"864",0,32,"male",1,"own","rich",NA,4526,27,"furniture/equipment"
"865",0,25,"male",1,"rent","little",NA,2210,10,"furniture/equipment"
"866",0,20,"female",2,"rent","quite rich",NA,2221,15,"furniture/equipment"
"867",0,27,"female",2,"own","little","little",2389,18,"radio/TV"
"868",0,42,"male",2,"own","little",NA,3331,12,"furniture/equipment"
"869",0,37,"male",2,"own",NA,NA,7409,36,"business"
"870",0,24,"female",2,"rent","little","little",652,12,"furniture/equipment"
"871",0,40,"female",2,"own","quite rich",NA,7678,36,"furniture/equipment"
"872",0,46,"male",2,"own","little","rich",1343,6,"car"
"873",0,26,"male",2,"own","moderate","little",1382,24,"business"
"874",0,24,"female",2,"own",NA,NA,874,15,"domestic appliances"
"875",0,29,"male",1,"own","little","little",3590,12,"furniture/equipment"
"876",0,40,"female",2,"own","rich","moderate",1322,11,"car"
"877",0,36,"male",3,"free","little","little",1940,18,"radio/TV"
"878",0,28,"male",2,"own","little",NA,3595,36,"radio/TV"
"879",0,27,"male",3,"free","little","little",1422,9,"car"
"880",0,36,"male",2,"own",NA,NA,6742,30,"radio/TV"
"881",0,38,"male",3,"own","little",NA,7814,24,"car"
"882",0,48,"male",2,"free",NA,NA,9277,24,"car"
"883",0,36,"male",2,"own",NA,"moderate",2181,30,"car"
"884",0,65,"female",0,"own","little",NA,1098,18,"radio/TV"
"885",0,43,"male",2,"own","little","moderate",4057,24,"furniture/equipment"
"886",0,53,"female",2,"own","little","little",795,12,"education"
"887",0,34,"male",2,"own",NA,"moderate",2825,24,"business"
"888",0,23,"male",2,"own","little","moderate",15672,48,"business"
"889",0,34,"male",3,"own","little",NA,6614,36,"car"
"890",0,40,"male",2,"rent",NA,NA,7824,28,"car"
"891",0,43,"male",3,"own","little","little",2442,27,"business"
"892",0,46,"male",2,"own","little",NA,1829,15,"radio/TV"
"893",0,38,"male",1,"own","little","little",2171,12,"car"
"894",0,34,"male",2,"own","little","moderate",5800,36,"car"
"895",0,29,"male",2,"own",NA,NA,1169,18,"radio/TV"
"896",0,31,"male",3,"own",NA,NA,8947,36,"car"
"897",0,28,"female",3,"rent","little","little",2606,21,"radio/TV"
"898",0,35,"female",2,"own","rich",NA,1592,12,"furniture/equipment"
"899",0,33,"female",1,"rent",NA,NA,2186,15,"furniture/equipment"
"900",0,42,"male",2,"own","little","little",4153,18,"furniture/equipment"
"901",0,43,"male",2,"rent","little","little",2625,16,"car"
"902",0,44,"male",2,"own",NA,NA,3485,20,"car"
"903",0,42,"male",2,"free",NA,NA,10477,36,"car"
"904",0,40,"male",2,"rent",NA,NA,1386,15,"radio/TV"
"905",0,36,"male",3,"own","little",NA,1278,24,"radio/TV"
"906",0,20,"male",3,"rent","little","little",1107,12,"radio/TV"
"907",0,24,"male",1,"own",NA,"little",3763,21,"car"
"908",0,27,"male",2,"own",NA,"moderate",3711,36,"education"
"909",0,46,"female",1,"own","little",NA,3594,15,"car"
"910",0,33,"female",1,"own",NA,"moderate",3195,9,"car"
"911",0,34,"female",2,"own","little",NA,4454,36,"radio/TV"
"912",0,25,"female",1,"own","little","moderate",4736,24,"furniture/equipment"
"913",0,25,"female",2,"own",NA,"moderate",2991,30,"radio/TV"
"914",0,28,"male",2,"own","rich",NA,2142,11,"business"
"915",0,31,"male",2,"rent","little","little",3161,24,"business"
"916",0,32,"female",3,"own","little","moderate",18424,48,"vacation/others"
"917",0,32,"male",2,"own","moderate",NA,2848,10,"car"
"918",0,68,"male",3,"own","little","little",14896,6,"car"
"919",0,33,"male",2,"own","moderate","little",2359,24,"furniture/equipment"
"920",0,39,"male",3,"rent","little","little",3345,24,"furniture/equipment"
"921",0,28,"female",2,"own","little",NA,1817,18,"furniture/equipment"
"922",0,37,"male",3,"own","quite rich",NA,12749,48,"radio/TV"
"923",0,22,"female",2,"rent","little","little",1366,9,"radio/TV"
"924",0,30,"male",2,"rent","little","moderate",2002,12,"car"
"925",0,55,"male",2,"own","little","little",6872,24,"furniture/equipment"
"926",0,46,"male",2,"own","little","little",697,12,"car"
"927",0,21,"female",2,"rent","little","little",1049,18,"furniture/equipment"
"928",0,39,"male",2,"free","little","little",10297,48,"car"
"929",0,58,"male",2,"own",NA,NA,1867,30,"radio/TV"
"930",0,43,"male",1,"own","little","little",1344,12,"car"
"931",0,24,"male",1,"own","little","little",1747,24,"furniture/equipment"
"932",0,22,"female",2,"own","little","moderate",1670,9,"radio/TV"
"933",0,30,"male",2,"own","little",NA,1224,9,"car"
"934",0,42,"male",2,"own","quite rich",NA,522,12,"radio/TV"
"935",0,23,"female",2,"own","little","little",1498,12,"radio/TV"
"936",0,30,"male",3,"own","moderate","moderate",1919,30,"radio/TV"
"937",0,28,"female",1,"own","little","rich",745,9,"radio/TV"
"938",0,30,"male",3,"rent","little","moderate",2063,6,"radio/TV"
"939",0,42,"male",2,"free","little","moderate",6288,60,"education"
"940",0,46,"male",3,"own",NA,NA,6842,24,"car"
"941",0,45,"male",3,"own",NA,NA,3527,12,"car"
"942",0,31,"male",1,"own","little",NA,1546,10,"car"
"943",0,31,"male",2,"own",NA,NA,929,24,"furniture/equipment"
"944",0,42,"male",1,"own","little",NA,1455,4,"car"
"945",0,46,"female",2,"rent","little","little",1845,15,"furniture/equipment"
"946",0,30,"female",2,"own","quite rich","moderate",8358,48,"car"
"947",0,30,"male",2,"free","quite rich","little",3349,24,"furniture/equipment"
"948",0,38,"male",3,"own",NA,NA,2859,12,"car"
"949",0,43,"male",1,"own","little",NA,1533,18,"furniture/equipment"
"950",0,31,"male",2,"own","moderate",NA,3621,24,"radio/TV"
"951",0,40,"male",0,"own","little","moderate",3590,18,"business"
"952",0,24,"male",2,"own","little","little",2145,36,"business"
"953",0,28,"female",2,"rent","quite rich","moderate",4113,24,"car"
"954",0,26,"female",3,"own","little",NA,10974,36,"furniture/equipment"
"955",0,29,"female",2,"own","little","little",1893,12,"car"
"956",0,57,"female",3,"rent","rich","little",1231,24,"radio/TV"
"957",0,49,"male",1,"own",NA,"rich",3656,30,"radio/TV"
"958",0,37,"male",1,"own","little","moderate",1154,9,"radio/TV"
"959",0,45,"male",1,"own","little","little",4006,28,"car"
"960",0,30,"male",2,"free","moderate","moderate",3069,24,"furniture/equipment"
"961",0,30,"male",2,"rent","little",NA,1740,6,"radio/TV"
"962",0,47,"male",2,"own","little","moderate",2353,21,"car"
"963",0,29,"male",2,"own",NA,NA,3556,15,"car"
"964",0,35,"male",2,"own","quite rich",NA,2397,24,"radio/TV"
"965",0,22,"male",1,"own","little","moderate",454,6,"repairs"
"966",0,26,"female",2,"own",NA,"moderate",1715,30,"radio/TV"
"967",0,23,"male",1,"own","quite rich","moderate",2520,27,"radio/TV"
"968",0,54,"female",3,"rent","little",NA,3568,15,"radio/TV"
"969",0,29,"male",2,"rent",NA,NA,7166,42,"radio/TV"
"970",0,40,"male",1,"own","little","little",3939,11,"car"
"971",0,22,"male",2,"own","moderate","moderate",1514,15,"repairs"
"972",0,43,"male",1,"own","little",NA,7393,24,"car"
"973",0,29,"female",0,"rent","little","little",1193,24,"car"
"974",0,36,"male",2,"rent","little","little",7297,60,"business"
"975",0,33,"female",2,"own","little",NA,2831,30,"radio/TV"
"976",0,57,"female",1,"own","quite rich","rich",1258,24,"radio/TV"
"977",0,64,"female",2,"own","little","moderate",753,6,"radio/TV"
"978",0,42,"male",2,"own",NA,"moderate",2427,18,"business"
"979",0,47,"male",1,"own","little",NA,2538,24,"car"
"980",0,25,"male",2,"rent","moderate","moderate",1264,15,"car"
"981",0,49,"male",2,"own","little","moderate",8386,30,"furniture/equipment"
"982",0,33,"male",3,"rent","little",NA,4844,48,"business"
"983",0,28,"female",3,"own","moderate","rich",2923,21,"car"
"984",0,26,"male",2,"own","little","little",8229,36,"car"
"985",0,30,"male",1,"own","little",NA,2028,24,"furniture/equipment"
"986",0,25,"female",2,"rent","little","little",1433,15,"furniture/equipment"
"987",0,33,"male",2,"own","little","rich",6289,42,"business"
"988",0,64,"female",2,"own","moderate",NA,1409,13,"radio/TV"
"989",0,29,"male",3,"free","little","little",6579,24,"car"
"990",0,48,"male",1,"own","little","moderate",1743,24,"radio/TV"
"991",0,37,"male",1,"own",NA,NA,3565,12,"education"
"992",0,34,"male",1,"own","moderate",NA,1569,15,"radio/TV"
"993",0,23,"male",1,"rent",NA,"little",1936,18,"radio/TV"
"994",0,30,"male",3,"own","little","little",3959,36,"furniture/equipment"
"995",0,50,"male",2,"own",NA,NA,2390,12,"car"
"996",0,31,"female",1,"own","little",NA,1736,12,"furniture/equipment"
"997",0,40,"male",3,"own","little","little",3857,30,"car"
"998",0,38,"male",2,"own","little",NA,804,12,"radio/TV"
"999",0,23,"male",2,"free","little","little",1845,45,"radio/TV"
"1000",0,27,"male",2,"own","moderate","moderate",4576,45,"car"
